test_label,technology,data_channel_mode,dashboard_mode,scenario_clients,hz,run_id,metric,count,mean,median,std,min,max,p95,p99,iqr
ingestion_http-post-long-polling,http-post,,long-polling,1,1,run1,latency_ms,283,1.0636042402826855,1.0,0.44901438032742497,0,2,2.0,2.0,0.0
ingestion_http-post-long-polling,http-post,,long-polling,1,1,run2,latency_ms,128,0.0,0.0,0.0,0,0,0.0,0.0,0.0
ingestion_http-post-long-polling,http-post,,long-polling,1,1,run3,latency_ms,284,3.4507042253521125,4.0,0.9916789118216112,1,5,5.0,5.0,1.0
ingestion_http-post-long-polling,http-post,,long-polling,100,1,run1,latency_ms,26813,0.15018834147614962,0.0,0.47345592013674287,0,36,1.0,1.0,0.0
ingestion_http-post-long-polling,http-post,,long-polling,100,1,run2,latency_ms,19501,0.04199784626429414,0.0,0.21202367597711377,0,5,0.0,1.0,0.0
ingestion_http-post-long-polling,http-post,,long-polling,100,1,run3,latency_ms,19918,0.03499347324028517,0.0,0.2088335821592912,0,7,0.0,1.0,0.0
ingestion_http-post-long-polling,http-post,,long-polling,500,1,run1,latency_ms,142000,0.9227464788732395,1.0,1.926794465255461,0,194,1.0,5.0,1.0
ingestion_http-post-long-polling,http-post,,long-polling,500,1,run2,latency_ms,139773,0.20976154192869867,0.0,0.5066947374277269,0,33,1.0,2.0,0.0
ingestion_http-post-long-polling,http-post,,long-polling,500,1,run3,latency_ms,89115,0.0504965494024575,0.0,0.2979827881519284,0,16,0.0,1.0,0.0
ingestion_webrtc-reliable-ordered,webrtc,reliable-ordered,webrtc,1,1,run1,latency_ms,187,0.13368983957219252,0.0,1.0916539538224603,0,11,0.0,2.259999999999877,0.0
ingestion_webrtc-reliable-ordered,webrtc,reliable-ordered,webrtc,1,1,run2,latency_ms,284,0.9436619718309859,1.0,0.5219513250165743,0,2,2.0,2.0,0.0
ingestion_webrtc-reliable-ordered,webrtc,reliable-ordered,webrtc,1,1,run3,latency_ms,256,0.1328125,0.0,0.34003676271838623,0,1,1.0,1.0,0.0
ingestion_webrtc-reliable-ordered,webrtc,reliable-ordered,webrtc,100,1,run1,latency_ms,28395,0.3614016552209896,0.0,0.6846945719320484,0,14,1.0,1.0,1.0
ingestion_webrtc-reliable-ordered,webrtc,reliable-ordered,webrtc,100,1,run2,latency_ms,28398,0.5059159095710966,0.0,0.5176909098368376,0,6,1.0,1.0,1.0
ingestion_webrtc-reliable-ordered,webrtc,reliable-ordered,webrtc,100,1,run3,latency_ms,16748,0.02239073322187724,0.0,0.17254768636204784,0,8,0.0,1.0,0.0
ingestion_webrtc-reliable-ordered,webrtc,reliable-ordered,webrtc,500,1,run1,latency_ms,141736,0.9124992944629452,0.0,3.7449999038003825,0,108,2.0,12.0,1.0
ingestion_webrtc-reliable-ordered,webrtc,reliable-ordered,webrtc,500,1,run2,latency_ms,68481,1.198463807479447,0.0,4.7975663101088255,0,84,3.0,28.0,1.0
ingestion_webrtc-reliable-ordered,webrtc,reliable-ordered,webrtc,500,1,run3,latency_ms,108229,2.512856997662364,0.0,7.495016490868684,0,122,10.0,43.0,2.0
ingestion_webrtc-unreliable-unordered,webrtc,unreliable-unordered,webrtc,1,1,run1,latency_ms,284,0.5950704225352113,1.0,0.49887895028481277,0,2,1.0,1.0,1.0
ingestion_webrtc-unreliable-unordered,webrtc,unreliable-unordered,webrtc,1,1,run2,latency_ms,263,0.057034220532319393,0.0,0.23235014617498945,0,1,1.0,1.0,0.0
ingestion_webrtc-unreliable-unordered,webrtc,unreliable-unordered,webrtc,1,1,run3,latency_ms,282,0.6418439716312057,1.0,0.4876636184400128,0,2,1.0,1.0,1.0
ingestion_webrtc-unreliable-unordered,webrtc,unreliable-unordered,webrtc,100,1,run1,latency_ms,28398,0.6116980069018945,1.0,0.6268738903976957,0,40,1.0,2.0,1.0
ingestion_webrtc-unreliable-unordered,webrtc,unreliable-unordered,webrtc,100,1,run2,latency_ms,18379,0.021056640731269383,0.0,0.15240143935629066,0,6,0.0,1.0,0.0
ingestion_webrtc-unreliable-unordered,webrtc,unreliable-unordered,webrtc,100,1,run3,latency_ms,9913,0.012105316251387067,0.0,0.13792074157793854,0,4,0.0,0.0,0.0
ingestion_webrtc-unreliable-unordered,webrtc,unreliable-unordered,webrtc,500,1,run1,latency_ms,137984,2.2273379522263452,1.0,8.714728797630622,0,133,7.0,51.0,1.0
ingestion_webrtc-unreliable-unordered,webrtc,unreliable-unordered,webrtc,500,1,run2,latency_ms,95381,1.3676413541481007,0.0,5.7992109862702526,0,91,4.0,32.19999999999709,1.0
ingestion_webrtc-unreliable-unordered,webrtc,unreliable-unordered,webrtc,500,1,run3,latency_ms,88324,1.7946650966894615,0.0,5.825102485119513,0,95,6.0,21.0,2.0
ingestion_websocket,websocket,,websocket,1,1,run1,latency_ms,283,0.9646643109540636,1.0,1.135573468880513,0,13,1.0,8.0,0.0
ingestion_websocket,websocket,,websocket,1,1,run2,latency_ms,280,0.19285714285714287,0.0,0.39524827407173085,0,1,1.0,1.0,0.0
ingestion_websocket,websocket,,websocket,1,1,run3,latency_ms,283,0.5936395759717314,1.0,0.4991785849821525,0,2,1.0,1.0,1.0
ingestion_websocket,websocket,,websocket,100,1,run1,latency_ms,18238,0.036955806557736594,0.0,0.4460897836784307,0,30,0.0,1.0,0.0
ingestion_websocket,websocket,,websocket,100,1,run2,latency_ms,28399,0.9595056163949435,1.0,0.4027089523173978,0,6,2.0,2.0,0.0
ingestion_websocket,websocket,,websocket,100,1,run3,latency_ms,28027,0.24419309951118565,0.0,0.44060409001562095,0,3,1.0,1.0,0.0
ingestion_websocket,websocket,,websocket,500,1,run1_ws500_retry5,latency_ms,141997,0.5153559582244696,0.0,1.4983482608280043,0,205,1.0,2.0,1.0
ingestion_websocket,websocket,,websocket,500,1,run2,latency_ms,100499,0.044617359376710214,0.0,0.26183571007214773,0,18,0.0,1.0,0.0
ingestion_websocket,websocket,,websocket,500,1,run3,latency_ms,101610,0.054984745595905916,0.0,0.2751720783970319,0,13,0.0,1.0,0.0
ingestion_http-post-long-polling,http-post,,long-polling,1,1,run1,jitter_ms,283,0.38515901060070673,0.0,0.5293434574098028,0,2,1.0,2.0,1.0
ingestion_http-post-long-polling,http-post,,long-polling,1,1,run2,jitter_ms,128,0.53125,1.0,0.5009832851188789,0,1,1.0,1.0,1.0
ingestion_http-post-long-polling,http-post,,long-polling,1,1,run3,jitter_ms,284,0.3908450704225352,0.0,0.5030514560474344,0,2,1.0,1.0,1.0
ingestion_http-post-long-polling,http-post,,long-polling,100,1,run1,jitter_ms,26813,0.3028381755118786,0.0,0.643393132011828,0,36,1.0,2.0,1.0
ingestion_http-post-long-polling,http-post,,long-polling,100,1,run2,jitter_ms,19501,0.32716270960463567,0.0,0.49035319101080954,0,6,1.0,1.0,1.0
ingestion_http-post-long-polling,http-post,,long-polling,100,1,run3,jitter_ms,19918,0.32628777989758007,0.0,0.4983507326684687,0,8,1.0,1.0,1.0
ingestion_http-post-long-polling,http-post,,long-polling,500,1,run1,jitter_ms,142000,0.7256267605633803,0.0,2.6227633302798448,0,193,1.0,10.0,1.0
ingestion_http-post-long-polling,http-post,,long-polling,500,1,run2,jitter_ms,139773,0.3509476079071065,0.0,0.629138941010136,0,33,1.0,2.0,1.0
ingestion_http-post-long-polling,http-post,,long-polling,500,1,run3,jitter_ms,89115,0.4400381529484374,0.0,0.5887029616324447,0,16,1.0,2.0,1.0
ingestion_webrtc-reliable-ordered,webrtc,reliable-ordered,webrtc,1,1,run1,jitter_ms,187,0.5347593582887701,0.0,1.3922289396054284,0,12,1.0,10.0,1.0
ingestion_webrtc-reliable-ordered,webrtc,reliable-ordered,webrtc,1,1,run2,jitter_ms,284,0.43661971830985913,0.0,0.5508078068018306,0,2,1.0,2.0,1.0
ingestion_webrtc-reliable-ordered,webrtc,reliable-ordered,webrtc,1,1,run3,jitter_ms,256,0.3203125,0.0,0.48399633364354333,0,2,1.0,1.0,1.0
ingestion_webrtc-reliable-ordered,webrtc,reliable-ordered,webrtc,100,1,run1,jitter_ms,28395,0.48159887304102833,0.0,0.8268648927494645,0,14,1.0,2.0,1.0
ingestion_webrtc-reliable-ordered,webrtc,reliable-ordered,webrtc,100,1,run2,jitter_ms,28398,0.4697161771955772,0.0,0.5143110207370941,0,6,1.0,1.0,1.0
ingestion_webrtc-reliable-ordered,webrtc,reliable-ordered,webrtc,100,1,run3,jitter_ms,16748,0.41664676379269167,0.0,0.5202439636434498,0,8,1.0,1.0,1.0
ingestion_webrtc-reliable-ordered,webrtc,reliable-ordered,webrtc,500,1,run1,jitter_ms,141736,1.3671403172094598,1.0,5.110204082458224,0,108,4.0,17.0,1.0
ingestion_webrtc-reliable-ordered,webrtc,reliable-ordered,webrtc,500,1,run2,jitter_ms,68481,2.179538850192024,1.0,5.877703158492049,0,84,6.0,35.0,2.0
ingestion_webrtc-reliable-ordered,webrtc,reliable-ordered,webrtc,500,1,run3,jitter_ms,108229,3.406961165676482,1.0,8.944507643316777,0,121,13.0,50.0,3.0
ingestion_webrtc-unreliable-unordered,webrtc,unreliable-unordered,webrtc,1,1,run1,jitter_ms,284,0.49295774647887325,0.0,0.5078393067292198,0,2,1.0,1.0,1.0
ingestion_webrtc-unreliable-unordered,webrtc,unreliable-unordered,webrtc,1,1,run2,jitter_ms,263,0.17110266159695817,0.0,0.3773166620574441,0,1,1.0,1.0,0.0
ingestion_webrtc-unreliable-unordered,webrtc,unreliable-unordered,webrtc,1,1,run3,jitter_ms,282,0.4397163120567376,0.0,0.504341215432076,0,2,1.0,1.0,1.0
ingestion_webrtc-unreliable-unordered,webrtc,unreliable-unordered,webrtc,100,1,run1,jitter_ms,28398,0.4704908796394112,0.0,0.7072629254833093,0,40,1.0,1.0,1.0
ingestion_webrtc-unreliable-unordered,webrtc,unreliable-unordered,webrtc,100,1,run2,jitter_ms,18379,0.3620980466837151,0.0,0.49423917657214983,0,6,1.0,1.0,1.0
ingestion_webrtc-unreliable-unordered,webrtc,unreliable-unordered,webrtc,100,1,run3,jitter_ms,9913,0.615857964289317,1.0,0.5061353924730957,0,5,1.0,1.0,1.0
ingestion_webrtc-unreliable-unordered,webrtc,unreliable-unordered,webrtc,500,1,run1,jitter_ms,137984,3.3317920918367347,1.0,11.663500148163946,0,132,10.0,71.0,2.0
ingestion_webrtc-unreliable-unordered,webrtc,unreliable-unordered,webrtc,500,1,run2,jitter_ms,95381,2.294440192491167,1.0,7.540347153991318,0,92,5.0,46.0,1.0
ingestion_webrtc-unreliable-unordered,webrtc,unreliable-unordered,webrtc,500,1,run3,jitter_ms,88324,2.599304832208686,1.0,7.361503111360187,0,95,8.0,50.0,2.0
ingestion_websocket,websocket,,websocket,1,1,run1,jitter_ms,283,0.5371024734982333,0.0,1.5069112931723332,0,13,1.0,8.0,1.0
ingestion_websocket,websocket,,websocket,1,1,run2,jitter_ms,280,0.275,0.0,0.44731376653839633,0,1,1.0,1.0,1.0
ingestion_websocket,websocket,,websocket,1,1,run3,jitter_ms,283,0.47703180212014135,0.0,0.5073946339762331,0,2,1.0,1.0,1.0
ingestion_websocket,websocket,,websocket,100,1,run1,jitter_ms,18238,0.37509595350367364,0.0,0.7384566549113327,0,30,1.0,1.0,1.0
ingestion_websocket,websocket,,websocket,100,1,run2,jitter_ms,28399,0.27025599492939895,0.0,0.4636511249004065,0,5,1.0,1.0,1.0
ingestion_websocket,websocket,,websocket,100,1,run3,jitter_ms,28027,0.32943233310736075,0.0,0.4766491751607188,0,3,1.0,1.0,1.0
ingestion_websocket,websocket,,websocket,500,1,run1_ws500_retry5,jitter_ms,141997,0.4839327591427988,0.0,2.0399586406933574,0,205,1.0,2.0,1.0
ingestion_websocket,websocket,,websocket,500,1,run2,jitter_ms,100499,0.3350779609747361,0.0,0.5307444601927275,0,19,1.0,2.0,1.0
ingestion_websocket,websocket,,websocket,500,1,run3,jitter_ms,101610,0.3427320145654955,0.0,0.5312370209420069,0,14,1.0,2.0,1.0
